{
  "video": {
    "url": "https://cdn.pixabay.com/video/2020/06/23/42926-434300944_large.mp4",
    "title": "VIERA",
    "subtitle": "Alkan Yapı & Viera Ortaklığı"
  },
  "experience": {
    "title": "60 Yılı Aşkın Tecrübe",
    "description": "1965'ten bu yana konut ve iş yeri üretiminde aralıksız hizmet vermekteyiz."
  },
  "about": {
    "badge": "Hakkımızda",
    "title": "Firma Geçmişimiz",
    "description": "Kurucumuz Servet Alkan'ın temellerini attığı firmamız, 60 yılı aşkın deneyimi ve köklü geçmişinden aldığı güçle konut ve iş yeri üretimine aralıksız devam etmektedir. Çağın gereksinimlerine uygun, estetik ve fonksiyonel yapılar inşa etme anlayışımızla, her projede titizlikle çalışıyor, güven ve kaliteyi ön planda tutuyoruz.",
    "certification": {
      "title": "Müteahhitlik Belgemiz",
      "description": "Firmamız D sınıfı Müteahhitlik Belgesine sahiptir."
    },
    "projects": {
      "title": "Projelerimiz",
      "description": "1965'ten bu yana 100'den fazla proje başarıyla tamamlanmıştır."
    },
    "image": "/modern-office-building.png"
  }
}
